{
  "schemaVersion": 1,
  "id": "tungsten",
  "version": "",

  "name": "Tungsten",
  "description": "Pathfinder!",
  "authors": [
    "Hackerokuz"
  ],
  "contact": {
    "homepage": "https://github.com/Hackerokuz/Tungsten",
    "sources": "https://github.com/Hackerokuz/Tungsten"
  },

  "license": "CC0-1.0",
  "icon": "assets/tungsten/icon.png",

  "environment": "*",
  "entrypoints": {
    "client": [
      "kaptainwutax.tungsten.TungstenMod"
    ],
    "server": [
      "kaptainwutax.tungsten.ServerSideTungstenMod"
    ]
  },
  "mixins": [
    "tungsten.mixins.json"
  ],

  "depends": {
    "fabricloader": ">=0.11.3",
    "minecraft": "1.16.5",
    "java": ">=11"
  },
  "suggests": {
  }
}
