{
  "required": true,
  "minVersion": "0.8",
  "package": "kaptainwutax.tungsten.mixin",
  "compatibilityLevel": "JAVA_21",
  "mixins": [
    "AccessorEntity",
    "AccessorLivingEntity"
  ],
  "client": [
    "MixinMinecraftClient",
    "MixinClientPlayerEntity",
    "MixinDebugRenderer",
    "MixinShapeContext",
    "MixinClientPlayNetworkHandler",
    "MixinWorldChunk",
    "MixinMinecraftClient",
    "MixinClientCommandSource",
    "AccessorChatInputSuggestor",
    "MixinChatInputSuggestor",
    "MixinSuggestionWindow"
  ],
  "injectors": {
    "defaultRequire": 1
  }
}
